model,val_loss,val_accuracy,test_loss,test_accuracy
baseline,0.297535628080368,0.8935714364051819,0.304688036441803,0.8946428298950195
finetuned,0.1224392279982566,0.9617857336997986,0.1168651133775711,0.9607142806053162
