class_name,precision,recall,f1_score,support
AMD,1.0,1.0,1.0,350
CNV,0.9244186046511628,0.9085714285714286,0.9164265129682997,350
CSR,1.0,1.0,1.0,350
DME,0.9552238805970149,0.9142857142857143,0.9343065693430657,350
DR,1.0,1.0,1.0,350
DRUSEN,0.8688524590163934,0.9085714285714286,0.888268156424581,350
MH,1.0,1.0,1.0,350
NORMAL,0.9408450704225352,0.9542857142857143,0.9475177304964539,350
